id,分类,有图,图片编号,适用地区,标题模板,摘要,正文,现象总结,趋势预测,正文末尾提示,默认方向,可选方向,默认强度,可选强度,反向逻辑说明,底层接口参数,备注
NEWS_POLITICAL_001,时政风险,是,IMG_EXCLUSIVE_POLITICAL_001,樱花国|漂亮国|袋鼠国|鸥联盟,{region}首相突然辞职，市场避险情绪迅速升温,首脑辞职冲击市场，避险急剧升温,{time_text}，{region}政坛突发变动，交易席位开始担心政策连续性和后续权力交接节奏。当前价格未必一步到位，但风险资金通常会先行收缩，相关货币短线更容易陷入被动。 若官方迟迟不表态稳定市场，相关货币大概率维持偏弱震荡；若继任安排清晰，跌势也可能很快放缓。 市场接下来要看避险情绪有没有继续扩散，以及短线买盘是不是已经明显回流。,{time_text}，{region}政坛突发变动，交易席位开始担心政策连续性和后续权力交接节奏。当前价格未必一步到位，但风险资金通常会先行收缩，相关货币短线更容易陷入被动。,若官方迟迟不表态稳定市场，相关货币大概率维持偏弱震荡；若继任安排清晰，跌势也可能很快放缓。,市场接下来要看避险情绪有没有继续扩散，以及短线买盘是不是已经明显回流。,偏弱,偏弱|承压|震荡,明显,普通|明显|剧烈,若继任安排超预期稳定，或市场提前释放过恐慌，短线也可能从承压转向震荡修复。,sentiment_down|volatility_up,首相辞职|政治冲击|避险
NEWS_POLITICAL_003,时政风险,是,IMG_GENERIC_POLITICAL_001|IMG_GENERIC_POLITICAL_002,漂亮国|鸥联盟|全球|熊猫国,{region}高层会晤气氛转冷，避险需求再度抬头,会晤无实质进展，避险情绪卷土重来,{time_text}，{region}高层会晤没有释放足够的缓和信号，市场对后续关系修复速度保持谨慎。价格层面未必马上剧烈失衡，但短线风险偏好通常会先收缩。 若后续沟通仍缺少实质进展，防御型货币更容易受到追捧；若很快补出安抚表态，避险交易也可能迅速降温。 这类消息接下来要看风险情绪是不是真的在发酵，以及避险买盘会不会从试探变成持续流入。,{time_text}，{region}高层会晤没有释放足够的缓和信号，市场对后续关系修复速度保持谨慎。价格层面未必马上剧烈失衡，但短线风险偏好通常会先收缩。,若后续沟通仍缺少实质进展，防御型货币更容易受到追捧；若很快补出安抚表态，避险交易也可能迅速降温。,这类消息接下来要看风险情绪是不是真的在发酵，以及避险买盘会不会从试探变成持续流入。,承压,承压|震荡|降温,普通,轻微|普通|明显,若后续立刻出现缓和信号，市场可能把事件当成短暂噪音，避险需求会很快降温。,sentiment_down_small|safe_haven_up_small,高层会晤|地缘紧张|避险回流
NEWS_TRADE_001,贸易与产业,是,IMG_EXCLUSIVE_TRADE_001,漂亮国|熊猫国|樱花国|鸥联盟|全球,{region}宣布扩大关税范围，全球贸易情绪再度收紧,关税升级冲击贸易预期，外向货币承压,{time_text}，{region}释放更强硬的贸易信号，市场开始重新评估出口前景和企业利润。相关货币短期内可能先走分化——外向依赖度更高的一侧更容易先承压。 若后续出现反制措施或谈判受阻，贸易相关货币可能继续反复走弱；若双方措辞回温，市场也可能很快转回观望。 交易员通常会盯住出口预期有没有恶化，以及市场风险偏好是不是还在往下走。,{time_text}，{region}释放更强硬的贸易信号，市场开始重新评估出口前景和企业利润。相关货币短期内可能先走分化——外向依赖度更高的一侧更容易先承压。,若后续出现反制措施或谈判受阻，贸易相关货币可能继续反复走弱；若双方措辞回温，市场也可能很快转回观望。,交易员通常会盯住出口预期有没有恶化，以及市场风险偏好是不是还在往下走。,偏弱,偏弱|分化|承压,明显,普通|明显|剧烈,若市场同步押注谈判回补或替代出口受益，局部货币也可能出现分化甚至短线修复。,trade_bias_shift|sentiment_down|safe_haven_up,关税|贸易战|出口预期
NEWS_TRADE_003,贸易与产业,是,IMG_GENERIC_TRADE_001|IMG_GENERIC_TRADE_004,袋鼠国|枫叶国|珍珠国|全球,航运与仓储链条趋紧，{region}出口节奏面临扰动,航运仓储成本攀升，出口兑现效率承压,{time_text}，航运排期与仓储成本出现同步波动，市场开始担心{region}部分出口链条的兑现效率。汇率未必立刻失速，但中期支持力量显得没有此前稳定。 若物流与订单双双走弱，相关货币可能逐步转入温和承压；若供应链恢复顺畅，市场会把这次扰动视作阶段性噪音。 贸易类消息接下来更值得盯的，是外部订单有没有继续走软，以及支撑汇率的那个出口优势是不是在被慢慢削弱。,{time_text}，航运排期与仓储成本出现同步波动，市场开始担心{region}部分出口链条的兑现效率。汇率未必立刻失速，但中期支持力量显得没有此前稳定。,若物流与订单双双走弱，相关货币可能逐步转入温和承压；若供应链恢复顺畅，市场会把这次扰动视作阶段性噪音。,贸易类消息接下来更值得盯的，是外部订单有没有继续走软，以及支撑汇率的那个出口优势是不是在被慢慢削弱。,承压,承压|偏弱|震荡,普通,轻微|普通|明显,若市场认为只是短期物流扰动，且外需本身未坏，汇率可能只表现为震荡而非持续走弱。,trade_bias_down_small|expectation_shift,航运|供应链|出口扰动
NEWS_POLICY_001,货币政策,是,IMG_EXCLUSIVE_POLICY_001|IMG_GENERIC_POLICY_001|IMG_GENERIC_POLICY_003,漂亮国|鸥联盟|樱花国|袋鼠国|枫叶国|珍珠国,{region}央行释放利率新信号，市场重新判断后续政策路径,央行口风转鹰，市场下调宽松预期,{time_text}，{region}央行措辞较前期更偏强硬，交易席位普遍开始下调短期宽松预期。汇率不一定立刻单边加速，但只要政策口风维持住，相关货币通常更容易得到支撑。 若后续数据继续配合强势口径，相关货币有望延续偏强节奏；若经济数据迅速转弱，当前判断也可能被市场推翻。 市场此时最关注的，是利率差距带来的支撑能不能继续维持，以及官方口风会不会重新转软。,{time_text}，{region}央行措辞较前期更偏强硬，交易席位普遍开始下调短期宽松预期。汇率不一定立刻单边加速，但只要政策口风维持住，相关货币通常更容易得到支撑。,若后续数据继续配合强势口径，相关货币有望延续偏强节奏；若经济数据迅速转弱，当前判断也可能被市场推翻。,市场此时最关注的，是利率差距带来的支撑能不能继续维持，以及官方口风会不会重新转软。,偏强,偏强|走稳|震荡,明显,普通|明显|剧烈,若市场已提前计价，或强硬口风反而加重经济担忧，方向也可能从偏强转成震荡甚至承压。,rate_diff_shift|expectation_up,央行|加息|利率路径
NEWS_POLICY_003,货币政策,是,IMG_GENERIC_POLICY_004|IMG_GENERIC_POLICY_005,樱花国|漂亮国|熊猫国|全球,{region}政策层强调稳定汇市，短线波动预期有所收敛,官方表态稳汇率，投机追击速度放缓,{time_text}，{region}释放更明确的稳汇率态度，市场判断官方不希望价格继续失控波动。即便趋势未被彻底改写，投机资金通常也会先降低追击速度。 若后续表态持续统一，相关货币短线波动可能逐步收敛；若市场测试压力重新抬头，这类稳定信号也可能很快被重新定价。 这类政策消息最该观察的，是市场恐慌有没有降温，以及短线波动是否真的被压回更可控的区间。,{time_text}，{region}释放更明确的稳汇率态度，市场判断官方不希望价格继续失控波动。即便趋势未被彻底改写，投机资金通常也会先降低追击速度。,若后续表态持续统一，相关货币短线波动可能逐步收敛；若市场测试压力重新抬头，这类稳定信号也可能很快被重新定价。,这类政策消息最该观察的，是市场恐慌有没有降温，以及短线波动是否真的被压回更可控的区间。,收敛,收敛|走稳|震荡,普通,轻微|普通|明显,若市场把表态理解成被动防守，反而可能测试更大波动，方向会从收敛转成反复拉扯。,volatility_down_small|policy_signal,稳定汇市|口头干预|政策安抚
NEWS_DATA_001,经济数据,是,IMG_GENERIC_DATA_001|IMG_GENERIC_DATA_002,漂亮国|熊猫国|鸥联盟|枫叶国|袋鼠国,{region}最新经济数据偏离预期，市场开始修正增长判断,数据强弱不一，市场对中期增长信心松动,{time_text}，{region}公布的新一轮数据强弱不一，部分机构开始下调对后续增长节奏的乐观看法。当前汇率未必立刻脱离原有区间，但市场对中期基本面的评估已经出现松动。 若接下来几轮数据继续走弱，相关货币更容易慢慢转入承压；若只是单次失真，市场也可能很快回到原判断。 交易席位接下来要看经济基本面有没有稳住，以及市场对合理价格水平的判断是不是在下移。,{time_text}，{region}公布的新一轮数据强弱不一，部分机构开始下调对后续增长节奏的乐观看法。当前汇率未必立刻脱离原有区间，但市场对中期基本面的评估已经出现松动。,若接下来几轮数据继续走弱，相关货币更容易慢慢转入承压；若只是单次失真，市场也可能很快回到原判断。,交易席位接下来要看经济基本面有没有稳住，以及市场对合理价格水平的判断是不是在下移。,承压,承压|震荡|分化,普通,轻微|普通|明显,若市场原本预期更差，数据虽弱但没坏透，方向也可能从承压转成企稳或震荡。,expectation_shift|fair_value_drift,CPI|就业|增长
NEWS_DATA_003,经济数据,是,IMG_GENERIC_DATA_001,漂亮国|鸥联盟|熊猫国|全球,{region}通胀黏性高于预期，市场重新衡量政策余地,通胀回落不及预期，政策宽松空间收窄,{time_text}，{region}最新价格数据没有像市场预想的那样顺畅回落，交易席位开始担心宽松节奏会被迫延后。汇率未必立刻脱离区间，但支撑逻辑已经变得更偏向强势一侧。 若后续通胀仍旧顽固，相关货币更容易保持韧性；若下轮数据明显降温，这种偏强判断也可能迅速被收回。 通胀类新闻接下来要看的是，价格压力会不会让政策调整的余地变小，以及市场对利率的判断是不是还在往上抬。,{time_text}，{region}最新价格数据没有像市场预想的那样顺畅回落，交易席位开始担心宽松节奏会被迫延后。汇率未必立刻脱离区间，但支撑逻辑已经变得更偏向强势一侧。,若后续通胀仍旧顽固，相关货币更容易保持韧性；若下轮数据明显降温，这种偏强判断也可能迅速被收回。,通胀类新闻接下来要看的是，价格压力会不会让政策调整的余地变小，以及市场对利率的判断是不是还在往上抬。,偏强,偏强|走稳|震荡,普通,轻微|普通|明显,若市场把高通胀解读成增长受压或政策失衡，方向也可能从偏强转成震荡甚至承压。,rate_diff_shift|expectation_up|fair_value_drift,通胀|政策余地|利率重估
NEWS_EXPECT_001,市场预期,是,IMG_GENERIC_EXPECT_001|IMG_GENERIC_EXPECT_002|IMG_GENERIC_EXPECT_003,全球|漂亮国|鸥联盟|樱花国|熊猫国,机构普遍上调对{region}货币的短期评价，押注方向悄然转变,机构集体转向乐观，市场风向悄然改变,{time_text}，多家机构报告开始转向更积极的表述，认为{region}货币此前的下行压力可能暂时缓和。价格未必已经转势，但市场风向一旦偏向同一侧，短线押注往往会先把波动带起来。 若后续消息继续配合，相关货币有机会逐步走稳；若新增利空突然出现，这类乐观判断也常常会被快速修正。 这类资讯重点不在事实本身，而在市场情绪有没有持续转暖、押注方向是否越来越一致。,{time_text}，多家机构报告开始转向更积极的表述，认为{region}货币此前的下行压力可能暂时缓和。价格未必已经转势，但市场风向一旦偏向同一侧，短线押注往往会先把波动带起来。,若后续消息继续配合，相关货币有机会逐步走稳；若新增利空突然出现，这类乐观判断也常常会被快速修正。,这类资讯重点不在事实本身，而在市场情绪有没有持续转暖、押注方向是否越来越一致。,走稳,走稳|偏强|回暖,普通,轻微|普通|明显,若新增催化跟不上，或市场担心乐观过度，方向也可能从走稳转成高位反复。,expectation_up|sentiment_up,机构观点|预期转向|风向变化
NEWS_EXPECT_003,市场预期,是,IMG_GENERIC_EXPECT_002|IMG_GENERIC_EXPECT_003,全球|漂亮国|袋鼠国|鸥联盟,市场开始怀疑{region}强势能否延续，追价情绪明显降温,新增买盘后继乏力，追价热情明显消退,{time_text}，部分机构开始提醒{region}货币此前的强势已经被市场消化得差不多，新增买盘显得比前一阶段保守。价格并未失控回落，但继续上冲的动能看起来没有那么顺畅。 若后续数据和消息都难再提供催化，相关货币更可能进入高位反复；若新的利好重新出现，市场也可能再次追价。 预期类资讯此时最该看的，不是旧故事有多强，而是新增信心有没有明显减弱。,{time_text}，部分机构开始提醒{region}货币此前的强势已经被市场消化得差不多，新增买盘显得比前一阶段保守。价格并未失控回落，但继续上冲的动能看起来没有那么顺畅。,若后续数据和消息都难再提供催化，相关货币更可能进入高位反复；若新的利好重新出现，市场也可能再次追价。,预期类资讯此时最该看的，不是旧故事有多强，而是新增信心有没有明显减弱。,震荡,震荡|回吐|分化,普通,轻微|普通|明显,若市场很快补出新催化，追价情绪也可能重新回暖，方向会从震荡转回走稳或偏强。,expectation_down_small|sentiment_down_small,追价降温|预期钝化|高位震荡
NEWS_MOVE_001,盘面异动,是,IMG_GENERIC_MOVE_001|IMG_GENERIC_MOVE_002|IMG_GENERIC_MOVE_003,全球|漂亮国|樱花国|袋鼠国|鸥联盟,{region}相关货币盘中剧烈拉扯，短线资金博弈明显升温,多空资金激烈博弈，盘中波动急剧放大,{time_text}，盘面突然放量，交易员提到短线止损与追价资金同时出现。走势看上去很激烈，但这类异动未必代表中期方向已经确认，更可能只是情绪在短时间内集中释放。 若后续资金继续追着同一方向打，波动可能进一步放大；若买卖盘很快回归平衡，这次异动也可能只是一次脉冲。 盘面类新闻更该关注波动有没有继续扩散，以及市场流动性是否明显变紧。,{time_text}，盘面突然放量，交易员提到短线止损与追价资金同时出现。走势看上去很激烈，但这类异动未必代表中期方向已经确认，更可能只是情绪在短时间内集中释放。,若后续资金继续追着同一方向打，波动可能进一步放大；若买卖盘很快回归平衡，这次异动也可能只是一次脉冲。,盘面类新闻更该关注波动有没有继续扩散，以及市场流动性是否明显变紧。,放大,放大|拉锯|震荡,明显,普通|明显|剧烈,若追价和止损很快出清，方向也可能从放大转成快速收敛。,volatility_spike|liquidity_tighten,跳水|急拉|止损盘
NEWS_MOVE_002,盘面异动,是,IMG_GENERIC_MOVE_002|IMG_GENERIC_MOVE_003,全球|漂亮国|鸥联盟|袋鼠国,{region}相关货币买卖盘突然失衡，短线价格出现快速偏移,挂单厚度骤降，价格瞬间偏离平衡位,{time_text}，盘中挂单厚度明显变薄，几笔集中成交就把价格推离了原先的平衡位置。这样的行情未必代表基本面立刻生变，但会让短线交易难度明显抬高。 若流动性迟迟恢复不过来，后续价格仍可能继续放大摆动；若更大规模的对手盘及时出现，异动也可能很快被修正。 这种盘面消息要盯的重点，是市场深度有没有恢复，以及短线波动会不会持续超出平常节奏。,{time_text}，盘中挂单厚度明显变薄，几笔集中成交就把价格推离了原先的平衡位置。这样的行情未必代表基本面立刻生变，但会让短线交易难度明显抬高。,若流动性迟迟恢复不过来，后续价格仍可能继续放大摆动；若更大规模的对手盘及时出现，异动也可能很快被修正。,这种盘面消息要盯的重点，是市场深度有没有恢复，以及短线波动会不会持续超出平常节奏。,偏移,偏移|放大|拉锯,明显,普通|明显|剧烈,若对手盘很快补位，短线偏移可能迅速被修正，方向会从放大改成拉锯或收敛。,liquidity_tighten|volatility_up_small,挂单变薄|流动性收紧|快速偏移
NEWS_POLICY_005,货币政策,是,IMG_GENERIC_POLICY_002,漂亮国|鸥联盟|樱花国|袋鼠国|枫叶国|珍珠国,议息结果落地，市场重新校准对{region}的利率预期,议息落地市场重估利率路径，短线调整开启,{time_text}，{region}最新议息结果出炉，市场迅速开始重新评估后续利率走向。汇率短线可能出现一轮快速调整，但更关键的是接下来的官员口风会不会延续当前信号。 若会议传递出更清晰的政策方向，相关货币容易走出单边试探；若信号模棱两可，盘面可能继续反复拉扯。 议息落地后重点要看市场对下一步利率的判断是变得更一致还是更加分歧。,{time_text}，{region}最新议息结果出炉，市场迅速开始重新评估后续利率走向。汇率短线可能出现一轮快速调整，但更关键的是接下来的官员口风会不会延续当前信号。,若会议传递出更清晰的政策方向，相关货币容易走出单边试探；若信号模棱两可，盘面可能继续反复拉扯。,议息落地后重点要看市场对下一步利率的判断是变得更一致还是更加分歧。,震荡,震荡|偏强|偏弱,普通,轻微|普通|明显,若会议结果完全符合预期且无新增信号，市场可能迅速消化，方向停留在震荡而非突破。,rate_diff_shift|expectation_recalibrate,议息落地|利率预期|会后调整
NEWS_POLICY_006,货币政策,是,IMG_GENERIC_POLICY_004,漂亮国|鸥联盟|樱花国|袋鼠国,{region}央行内部出现政策分歧，市场对利率走向产生猜测,央行内部鹰鸽分化，利率预期陷入拉锯,{time_text}，{region}央行高层近期表态出现明显温差——有人偏向继续收紧，有人开始提示经济风险。市场暂时找不到统一参照，短线更容易在预期拉锯中来回摆动。 若鹰派声音继续占上风，相关货币可能重新获得支撑；若鸽派阵营扩大，市场会更快转向宽松押注。 官员分歧类消息最重要的是看谁的声音更有后续动作支撑，以及市场的定价偏向哪一侧。,{time_text}，{region}央行高层近期表态出现明显温差——有人偏向继续收紧，有人开始提示经济风险。市场暂时找不到统一参照，短线更容易在预期拉锯中来回摆动。,若鹰派声音继续占上风，相关货币可能重新获得支撑；若鸽派阵营扩大，市场会更快转向宽松押注。,官员分歧类消息最重要的是看谁的声音更有后续动作支撑，以及市场的定价偏向哪一侧。,震荡,震荡|分化|走稳,普通,轻微|普通|明显,若后续官员表态快速统一，分歧状态可能迅速转为一致押注，方向从震荡转成偏强或偏弱。,policy_split|expectation_hold,官员分歧|鹰鸽分化|政策预期
NEWS_EXPECT_005,市场预期,是,IMG_GENERIC_EXPECT_003,全球|漂亮国|鸥联盟|樱花国|熊猫国,市场对{region}方向把握不清，多数交易员选择按兵不动,消息面缺乏指引，多空双方均选择观望,{time_text}，最新消息面缺乏明确指引，交易席位的方向判断十分分散。相关货币的成交量明显收缩，价格在相对狭窄的区间里来回试探——多数人在等下一个能打破僵局的信号。 若新增消息打破当前僵局，汇率可能迅速朝突破方向移动一小段；若持续无催化，盘面可能继续维持这种低波动观望状态。 这种时候最该看的不是价格本身，而是有没有新的催化把市场从观望中拽出来。,{time_text}，最新消息面缺乏明确指引，交易席位的方向判断十分分散。相关货币的成交量明显收缩，价格在相对狭窄的区间里来回试探——多数人在等下一个能打破僵局的信号。,若新增消息打破当前僵局，汇率可能迅速朝突破方向移动一小段；若持续无催化，盘面可能继续维持这种低波动观望状态。,这种时候最该看的不是价格本身，而是有没有新的催化把市场从观望中拽出来。,等待,等待|震荡|收敛,轻微,轻微|普通,若突发放量或重要数据出现，观望状态会被迅速打破，方向取决于消息本身。,expectation_hold|volatility_hold,观望加重|等待催化|缩量
NEWS_EXPECT_006,市场预期,是,IMG_GENERIC_EXPECT_001,全球|漂亮国|袋鼠国|鸥联盟,大量资金一致押注{region}货币走强，市场出现拥挤信号,资金集体涌向同一方向，拥挤风险正在积累,{time_text}，几乎同一时间多家机构调高了对{region}货币的评价，追价资金快速涌向同一方向。这种局面短期能推动价格继续朝押注方向移动，但押注越拥挤，反转的风险也在悄悄积累。 若后续消息持续配合，一致押注可能继续推动走势；但一旦市场发现追过了头，反向修正也会来得很快。 一致押注最大的风险不是方向错了，而是方向对了但已经没有足够的人接力。,{time_text}，几乎同一时间多家机构调高了对{region}货币的评价，追价资金快速涌向同一方向。这种局面短期能推动价格继续朝押注方向移动，但押注越拥挤，反转的风险也在悄悄积累。,若后续消息持续配合，一致押注可能继续推动走势；但一旦市场发现追过了头，反向修正也会来得很快。,一致押注最大的风险不是方向错了，而是方向对了但已经没有足够的人接力。,偏强,偏强|回暖|走稳,明显,普通|明显|剧烈,若押注过于拥挤导致反转信号触发，方向可能从偏强快速转成回吐甚至踩踏。,sentiment_up|expectation_up,一致押注|拥挤交易|资金集中
NEWS_MOVE_005,盘面异动,是,IMG_GENERIC_MOVE_001,全球|漂亮国|樱花国|鸥联盟|熊猫国,快速偏离后出现技术性修正，{region}买卖盘重新试探方向,价格快速偏离后反向回摆，多空重新试探方向,{time_text}，价格在经历一轮快速偏移后开始出现反向回摆，部分短线获利资金选择离场，也有新资金趁机反向进场。这类修正更多是盘面的自我调整，不一定意味着原来的方向已经被推翻。 若修正力度温和、量能不大，原方向调整后可能继续延续；若修正放量且幅度很深，市场可能正在酝酿方向切换。 技术性修正的关键指标是修正过程中有没有新的大资金介入——有则可能转向，无则只是短暂歇脚。,{time_text}，价格在经历一轮快速偏移后开始出现反向回摆，部分短线获利资金选择离场，也有新资金趁机反向进场。这类修正更多是盘面的自我调整，不一定意味着原来的方向已经被推翻。,若修正力度温和、量能不大，原方向调整后可能继续延续；若修正放量且幅度很深，市场可能正在酝酿方向切换。,技术性修正的关键指标是修正过程中有没有新的大资金介入——有则可能转向，无则只是短暂歇脚。,修复,修复|震荡|偏移,普通,轻微|普通|明显,若修正只是昙花一现且资金继续追原方向，盘面可能很快恢复前期偏移状态。,volatility_spike|liquidity_tighten,技术性修正|获利了结|方向试探
NEWS_POLITICAL_004,时政风险,是,IMG_GENERIC_POLITICAL_002,漂亮国|鸥联盟|樱花国|熊猫国|全球,{region}紧张局势出现缓和信号，避险需求开始退潮,紧张局势降温，避险资金开始撤退,{time_text}，此前持续发酵的紧张局势出现松动迹象，市场对冲突扩大的担忧明显下降。资金开始从防御型资产回流，相关货币的压力也有所减轻。不过市场仍然保持一定警惕——局势反复已经不是第一次了。 若缓和信号继续兑现，避险资金可能进一步撤退，相关货币逐步企稳；若局势再度生变，避险回流也会很快恢复。 避险退潮行情的关键在于局势是否真的在降温，而不是只是口头上的让步。,{time_text}，此前持续发酵的紧张局势出现松动迹象，市场对冲突扩大的担忧明显下降。资金开始从防御型资产回流，相关货币的压力也有所减轻。不过市场仍然保持一定警惕——局势反复已经不是第一次了。,若缓和信号继续兑现，避险资金可能进一步撤退，相关货币逐步企稳；若局势再度生变，避险回流也会很快恢复。,避险退潮行情的关键在于局势是否真的在降温，而不是只是口头上的让步。,回暖,回暖|修复|走稳,普通,轻微|普通|明显,若市场认为缓和只是暂时姿态，避险需求可能只是阶段性收缩而非真正退潮。,sentiment_up_small|safe_haven_down_small,局势缓和|避险退潮|风险偏好回升
NEWS_TRADE_007,贸易与产业,是,IMG_GENERIC_TRADE_002,熊猫国|樱花国|鸥联盟|全球,产业链开始向外转移，{region}制造业格局面临调整,产业链外迁苗头出现，制造业优势面临考验,{time_text}，部分跨国企业开始调整区域布局，降低对{region}单一生产基地的依赖。市场开始重新评估{region}制造业的长期竞争力和出口潜力。汇率不会因为一条消息就迅速变脸，但这类结构调整往往需要被认真对待。 若转移趋势加快，相关货币的中期支撑会逐步削弱；若企业重新留驻或订单回流，这种担忧也会慢慢缓解。 产业链调整的影响不是一天两天能看到的，但资金会先走——市场一旦开始计价，方向就会慢慢形成。,{time_text}，部分跨国企业开始调整区域布局，降低对{region}单一生产基地的依赖。市场开始重新评估{region}制造业的长期竞争力和出口潜力。汇率不会因为一条消息就迅速变脸，但这类结构调整往往需要被认真对待。,若转移趋势加快，相关货币的中期支撑会逐步削弱；若企业重新留驻或订单回流，这种担忧也会慢慢缓解。,产业链调整的影响不是一天两天能看到的，但资金会先走——市场一旦开始计价，方向就会慢慢形成。,偏弱,偏弱|承压|震荡,普通,轻微|普通|明显,若转移被证实是小范围现象而非趋势，市场可能把它视作噪音，方向停留在震荡。,trade_bias_down_small|fair_value_drift,产业链转移|制造业|结构调整
NEWS_TRADE_008,贸易与产业,是,IMG_GENERIC_TRADE_003,袋鼠国|枫叶国|珍珠国|全球,大宗商品报价剧烈波动，{region}出口收入预期出现变数,商品价格大幅起落，出口收入稳定性受疑,{time_text}，能源与资源类商品近期大幅起落，市场对{region}出口收入稳定性的信任有所动摇。这种行情对汇率的影响通常不是直线的——涨了未必全部利好，跌了也不代表基本面立刻崩溃。 若商品价格继续大幅摆动，相关货币可能进入反复拉锯；若价格趋势逐渐明朗，市场也会重新找到方向。 商品报价波动大的时候，市场更关心的是这轮波动有没有基本面支撑，还是只是资金在炒作。,{time_text}，能源与资源类商品近期大幅起落，市场对{region}出口收入稳定性的信任有所动摇。这种行情对汇率的影响通常不是直线的——涨了未必全部利好，跌了也不代表基本面立刻崩溃。,若商品价格继续大幅摆动，相关货币可能进入反复拉锯；若价格趋势逐渐明朗，市场也会重新找到方向。,商品报价波动大的时候，市场更关心的是这轮波动有没有基本面支撑，还是只是资金在炒作。,震荡,震荡|偏强|承压,普通,轻微|普通|明显,若商品剧烈波动后迅速回稳，市场也可能把它当成短期噪音来处理。,trade_bias_shift|commodity_volatility,大宗商品|价格波动|出口收入
NEWS_MOVE_006,盘面异动,是,IMG_GENERIC_MOVE_002,全球|漂亮国|樱花国|鸥联盟|袋鼠国,尾盘突发放量转向，{region}相关货币异动引发关注,尾盘大单集中进场，短线方向突然逆转,{time_text}，临近收市时盘面突然放量，价格在短时间内走出明显方向。这类尾盘异动往往来自大单集中成交或止损集中触发，不一定是全天走势的延续，但短线赌性会被放大。 若异动方向与盘中趋势一致，后续惯性可能延续；若尾盘方向与全天相反，次日开盘往往会出现修正或延续激烈博弈。 尾盘异动最需要确认的是有没有消息配合——有消息可能是方向切换的开始，没消息可能只是大单调度。,{time_text}，临近收市时盘面突然放量，价格在短时间内走出明显方向。这类尾盘异动往往来自大单集中成交或止损集中触发，不一定是全天走势的延续，但短线赌性会被放大。,若异动方向与盘中趋势一致，后续惯性可能延续；若尾盘方向与全天相反，次日开盘往往会出现修正或延续激烈博弈。,尾盘异动最需要确认的是有没有消息配合——有消息可能是方向切换的开始，没消息可能只是大单调度。,放大,放大|偏移|拉锯,明显,普通|明显|剧烈,若尾盘异动被次日的修复行情消化，方向可能只是脉冲而非真正突破。,volatility_spike|liquidity_tighten,尾盘异动|放量转向|大单成交
