id,分类,有图,图片编号,适用地区,标题模板,正文,现象总结,趋势预测,正文末尾提示,默认方向,可选方向,默认强度,可选强度,反向逻辑说明,底层接口参数,备注
NEWS_POLICY_002,货币政策,否,,漂亮国|鸥联盟|樱花国|熊猫国,{region}央行官员称仍将观察通胀回落节奏,{time_text}，{region}政策层维持谨慎口风，市场对后续利率动作的判断暂未统一。汇率短线大概率还是围绕政策预期反复摆动，不会因为一句话就完全改写方向。 若后续通胀继续顽固，相关货币更容易获得支撑；若增长突然转弱，政策口风也可能转向保守。 这类消息的关键，不在表态本身有多强硬，而在利率上的优势会不会被市场继续放大。,{time_text}，{region}政策层维持谨慎口风，市场对后续利率动作的判断暂未统一。汇率短线大概率还是围绕政策预期反复摆动，不会因为一句话就完全改写方向。,若后续通胀继续顽固，相关货币更容易获得支撑；若增长突然转弱，政策口风也可能转向保守。,这类消息的关键，不在表态本身有多强硬，而在利率上的优势会不会被市场继续放大。,震荡,震荡|走稳|偏强,轻微,轻微|普通|明显,若市场认为表态比预期更强或更弱，方向都可能偏离原有震荡判断。,policy_signal|expectation_hold,官员讲话|政策观察
NEWS_POLICY_004,货币政策,否,,漂亮国|鸥联盟|袋鼠国|枫叶国,{region}议息前市场押注收敛，汇率暂时进入等待区间,{time_text}，议息窗口临近，市场主动压缩了对激进政策变化的押注幅度。价格短线看似平静，但本质上更像是在等待下一次明确表态来决定方向。 若会议结果略超预期，相关货币容易迅速脱离当前区间；若结果平淡，盘面可能继续维持试探式震荡。 这类新闻真正该盯的，是市场预期有没有提前收敛，以及利率路径上的想象空间是不是正在变窄。,{time_text}，议息窗口临近，市场主动压缩了对激进政策变化的押注幅度。价格短线看似平静，但本质上更像是在等待下一次明确表态来决定方向。,若会议结果略超预期，相关货币容易迅速脱离当前区间；若结果平淡，盘面可能继续维持试探式震荡。,这类新闻真正该盯的，是市场预期有没有提前收敛，以及利率路径上的想象空间是不是正在变窄。,等待,等待|震荡|收敛,轻微,轻微|普通,若市场突然提前收到更明确风向，等待状态也可能立刻被打破。,expectation_hold|volatility_hold,议息前瞻|押注收敛|等待区间
NEWS_DATA_002,经济数据,否,,漂亮国|袋鼠国|枫叶国|熊猫国,{region}就业与消费数据冷热不一，市场判断出现分歧,{time_text}，最新数据没有给出特别明确的方向，部分席位认为经济仍有韧性，也有人担心后劲不足。相关货币短期更像是在等待新的确认，而不是立刻选择单边突破。 若后续数据仍旧忽强忽弱，汇率大概率维持反复拉锯；若连续出现同方向信号，市场判断才会逐渐统一。 数据类资讯最值得盯的，是经济基本面有没有变差，以及市场给出的合理价格区间是否开始下移。,{time_text}，最新数据没有给出特别明确的方向，部分席位认为经济仍有韧性，也有人担心后劲不足。相关货币短期更像是在等待新的确认，而不是立刻选择单边突破。,若后续数据仍旧忽强忽弱，汇率大概率维持反复拉锯；若连续出现同方向信号，市场判断才会逐渐统一。,数据类资讯最值得盯的，是经济基本面有没有变差，以及市场给出的合理价格区间是否开始下移。,分化,分化|震荡|承压,轻微,轻微|普通|明显,若后续席位迅速统一判断，分化状态也可能很快变成单边承压或企稳。,expectation_split,就业|消费|分歧
NEWS_DATA_004,经济数据,否,,熊猫国|樱花国|鸥联盟|全球,{region}制造业信号反复，市场对复苏节奏仍缺乏共识,{time_text}，制造业景气度没有持续给出同方向信号，市场对{region}后续复苏节奏的判断出现来回摆动。汇率层面也因此更容易陷入上不去、跌不深的拉锯状态。 若景气指标持续改善，相关货币有机会慢慢修复估值；若订单与产出再度走弱，市场会更快转向保守。 这类数据后面最该盯的，是基本面修复有没有真正站稳，以及市场对合理价格水平的判断会不会继续下移。,{time_text}，制造业景气度没有持续给出同方向信号，市场对{region}后续复苏节奏的判断出现来回摆动。汇率层面也因此更容易陷入上不去、跌不深的拉锯状态。,若景气指标持续改善，相关货币有机会慢慢修复估值；若订单与产出再度走弱，市场会更快转向保守。,这类数据后面最该盯的，是基本面修复有没有真正站稳，以及市场对合理价格水平的判断会不会继续下移。,震荡,震荡|修复|承压,普通,轻微|普通|明显,若修复线索变得连续，方向可从震荡转成修复；若负面信号集中出现，也可能转成持续承压。,fair_value_drift|expectation_shift,制造业|复苏分歧|景气反复
NEWS_EXPECT_002,市场预期,否,,全球|漂亮国|鸥联盟,市场开始押注{region}货币阶段性企稳，但把握仍显不足,{time_text}，多头情绪略有回暖，不过追价意愿还不算坚决。价格层面更像是在试探底部是否稳住，而不是所有资金都相信反弹已经真正开始。 若后续消息继续温和偏暖，企稳判断有机会逐步强化；若再有利空打断，当前乐观预期也可能迅速退潮。 这类新闻更要看市场信心是不是持续恢复，而不是只看一两次短线反弹。,{time_text}，多头情绪略有回暖，不过追价意愿还不算坚决。价格层面更像是在试探底部是否稳住，而不是所有资金都相信反弹已经真正开始。,若后续消息继续温和偏暖，企稳判断有机会逐步强化；若再有利空打断，当前乐观预期也可能迅速退潮。,这类新闻更要看市场信心是不是持续恢复，而不是只看一两次短线反弹。,走稳,走稳|回暖|震荡,轻微,轻微|普通|明显,若后续利空突然增加，走稳判断会迅速退化成震荡甚至回吐。,sentiment_up_small|expectation_probe,企稳预期|试探押注
NEWS_EXPECT_004,市场预期,否,,全球|袋鼠国|枫叶国|珍珠国,市场开始下调对{region}货币的乐观判断，短线押注出现松动,{time_text}，原本偏乐观的交易席位开始主动收缩仓位，市场对{region}货币继续走强的把握明显下降。价格虽然未必立刻转空，但原本顺畅的上行动能看起来已经不像之前那样牢固。 若后续催化继续缺席，相关货币更可能进入高位震荡甚至温和回吐；若新的利好重新出现，乐观押注也可能再度聚集。 这类预期新闻真正反映的，是市场信心有没有松动，以及追价资金是否开始变得保守。,{time_text}，原本偏乐观的交易席位开始主动收缩仓位，市场对{region}货币继续走强的把握明显下降。价格虽然未必立刻转空，但原本顺畅的上行动能看起来已经不像之前那样牢固。,若后续催化继续缺席，相关货币更可能进入高位震荡甚至温和回吐；若新的利好重新出现，乐观押注也可能再度聚集。,这类预期新闻真正反映的，是市场信心有没有松动，以及追价资金是否开始变得保守。,回吐,回吐|震荡|分化,普通,轻微|普通|明显,若市场重新获得新催化，回吐判断也可能反转成走稳甚至再度偏强。,expectation_down_small|sentiment_down_small,乐观降温|仓位收缩|预期回吐
NEWS_TRADE_002,贸易与产业,否,,袋鼠国|枫叶国|珍珠国|全球,大宗商品与外部订单波动，{region}出口前景再添变数,{time_text}，商品价格与海外订单信号不够稳定，市场对{region}出口链条的持续性仍有保留。汇率层面更可能先表现为温和承压，而不是立刻出现急跌。 若商品价格继续回落或订单持续走弱，相关货币中期更容易慢慢转弱；若外需恢复，这类压力也可能被逐步消化。 贸易类新闻真正影响的，是外部需求有没有转差，以及长期支撑汇率的基本盘是否被削弱。,{time_text}，商品价格与海外订单信号不够稳定，市场对{region}出口链条的持续性仍有保留。汇率层面更可能先表现为温和承压，而不是立刻出现急跌。,若商品价格继续回落或订单持续走弱，相关货币中期更容易慢慢转弱；若外需恢复，这类压力也可能被逐步消化。,贸易类新闻真正影响的，是外部需求有没有转差，以及长期支撑汇率的基本盘是否被削弱。,承压,承压|偏弱|震荡,普通,轻微|普通|明显,若市场认为订单波动只是阶段扰动，方向也可能保持震荡而不是继续偏弱。,trade_bias_down_small,订单|出口|商品
NEWS_TRADE_004,贸易与产业,否,,全球|熊猫国|漂亮国|鸥联盟,原材料报价起伏加大，{region}产业成本面临重新评估,{time_text}，原材料价格的反复波动让市场开始重新估算{region}产业链的成本压力。汇率不会因为单次报价就立刻变脸，但中期竞争力的想象空间确实被压缩了一些。 若成本压力继续累积，相关货币的中期支撑可能逐步削弱；若价格回稳，市场也会把这次扰动视作短期波折。 这类产业新闻背后真正要看的，是出口环境有没有转差，以及长期支撑汇率的基本盘会不会被慢慢侵蚀。,{time_text}，原材料价格的反复波动让市场开始重新估算{region}产业链的成本压力。汇率不会因为单次报价就立刻变脸，但中期竞争力的想象空间确实被压缩了一些。,若成本压力继续累积，相关货币的中期支撑可能逐步削弱；若价格回稳，市场也会把这次扰动视作短期波折。,这类产业新闻背后真正要看的，是出口环境有没有转差，以及长期支撑汇率的基本盘会不会被慢慢侵蚀。,偏弱,偏弱|承压|震荡,普通,轻微|普通|明显,若原材料波动很快回落，成本压力缓解后也可能只留下短暂噪音。,trade_bias_shift|fair_value_drift,原材料|成本压力|产业评估
NEWS_POLITICAL_002,时政风险,否,,全球|漂亮国|鸥联盟|樱花国,{region}外交表态转趋强硬，市场风险偏好略有降温,{time_text}，最新表态没有直接改变政策，但已经足以让交易席位提高警惕。相关汇率未必马上单边变化，不过短线资金通常会先降低风险暴露。 若后续言辞继续升级，避险交易可能进一步升温；若局势很快缓和，当前冲击也可能只停留在情绪层面。 时政类新闻最后还是要看市场情绪是否继续恶化，以及避险买盘有没有持续放大。,{time_text}，最新表态没有直接改变政策，但已经足以让交易席位提高警惕。相关汇率未必马上单边变化，不过短线资金通常会先降低风险暴露。,若后续言辞继续升级，避险交易可能进一步升温；若局势很快缓和，当前冲击也可能只停留在情绪层面。,时政类新闻最后还是要看市场情绪是否继续恶化，以及避险买盘有没有持续放大。,降温,降温|承压|震荡,轻微,轻微|普通|明显,若局势很快缓和，市场可能把它视作口头噪音，方向会从降温转回平稳。,sentiment_down_small|safe_haven_up_small,外交摩擦|风险偏好
NEWS_MOVE_003,盘面异动,否,,全球|漂亮国|樱花国|熊猫国,短线止损盘连续触发，{region}相关货币波幅明显放大,{time_text}，原本分散的卖压在关键价位附近集中释放，市场开始出现连锁止损。这样的走势通常更偏向短线情绪宣泄，不一定意味着中期判断已经被彻底改写。 若后续对手盘不足，波动可能继续扩大；若恐慌卖压快速衰减，价格也可能很快出现技术性修正。 盘面异动最后真正要看的，是短线波动会不会继续蔓延，以及市场深度是否恢复到正常水平。,{time_text}，原本分散的卖压在关键价位附近集中释放，市场开始出现连锁止损。这样的走势通常更偏向短线情绪宣泄，不一定意味着中期判断已经被彻底改写。,若后续对手盘不足，波动可能继续扩大；若恐慌卖压快速衰减，价格也可能很快出现技术性修正。,盘面异动最后真正要看的，是短线波动会不会继续蔓延，以及市场深度是否恢复到正常水平。,放大,放大|偏移|收敛,明显,普通|明显|剧烈,若恐慌卖压被快速承接，放大走势也可能很快转成修正或收敛。,volatility_spike|liquidity_tighten|sentiment_down_small,止损链|恐慌波动|技术性修正
NEWS_POLICY_007,货币政策,否,,漂亮国|鸥联盟|袋鼠国|枫叶国,市场对{region}宽松预期快速升温，收益率曲线出现变化,{time_text}，经济数据走软叠加官员偏鸽表态，市场开始提前押注{region}后续可能转向更宽松的方向。汇率短线承受一定压力，但市场也清楚——宽松预期未必次次都能兑现。 若宽松信号继续累积，相关货币可能逐步转入承压；若数据意外走强或官员回撤表态，宽松押注也会快速降温。 这类行情的核心，是市场到底是在赌真宽松，还是只是在消化短期情绪。,{time_text}，经济数据走软叠加官员偏鸽表态，市场开始提前押注{region}后续可能转向更宽松的方向。汇率短线承受一定压力，但市场也清楚——宽松预期未必次次都能兑现。,若宽松信号继续累积，相关货币可能逐步转入承压；若数据意外走强或官员回撤表态，宽松押注也会快速降温。,这类行情的核心，是市场到底是在赌真宽松，还是只是在消化短期情绪。,承压,承压|偏弱|震荡,普通,轻微|普通|明显,若市场提前计价过度，宽松预期反而可能被修正，方向从承压转成企稳。,rate_diff_down|expectation_down,宽松预期|收益率|政策转向
NEWS_DATA_005,经济数据,否,,漂亮国|熊猫国|鸥联盟|枫叶国|袋鼠国,{region}零售与消费数据低于预期，市场担心增长支撑减弱,{time_text}，最新消费端数据没达到市场此前的预估，部分机构开始怀疑{region}的内需能否继续撑住增长。汇率未必立刻大幅回调，但中期乐观的基础确实没那么稳了。 若消费持续走弱，相关货币更容易逐步转入偏弱；若下月数据明显回升，这一轮担忧也可能很快被放在一边。 消费类消息后面要看的是内需是不是真的在降温，以及市场对增长前景的修正会不会进一步加快。,{time_text}，最新消费端数据没达到市场此前的预估，部分机构开始怀疑{region}的内需能否继续撑住增长。汇率未必立刻大幅回调，但中期乐观的基础确实没那么稳了。,若消费持续走弱，相关货币更容易逐步转入偏弱；若下月数据明显回升，这一轮担忧也可能很快被放在一边。,消费类消息后面要看的是内需是不是真的在降温，以及市场对增长前景的修正会不会进一步加快。,承压,承压|偏弱|震荡,普通,轻微|普通|明显,若市场原本已经预期数据偏弱，利空落地后也可能反而走企稳修复。,expectation_shift|fair_value_drift,消费|零售|增长放缓
NEWS_DATA_006,经济数据,否,,熊猫国|樱花国|欧联盟|袋鼠国|漂亮国,{region}经济数据出现好转苗头，市场开始评估复苏力度,{time_text}，最新一轮经济指标较前期有所改善，交易席位开始讨论{region}是否正在走出疲软阶段。目前还远未到全面转乐观的时候，但至少悲观预期看起来没那么牢固了。 若改善趋势延续，相关货币有机会逐步走稳甚至修复；若数据很快再次转弱，当前回暖气氛也可能被迅速冲淡。 这种数据需要持续观察，关键不是单次好转，而是能不能连续给出正面信号。,{time_text}，最新一轮经济指标较前期有所改善，交易席位开始讨论{region}是否正在走出疲软阶段。目前还远未到全面转乐观的时候，但至少悲观预期看起来没那么牢固了。,若改善趋势延续，相关货币有机会逐步走稳甚至修复；若数据很快再次转弱，当前回暖气氛也可能被迅速冲淡。,这种数据需要持续观察，关键不是单次好转，而是能不能连续给出正面信号。,修复,修复|走稳|回暖,轻微,轻微|普通|明显,若好转被证实只是技术性反弹而非趋势改善，修复预期也可能很快转回承压。,expectation_up_small|fair_value_up_small,复苏苗头|数据改善|修复预期
NEWS_MOVE_004,盘面异动,否,,全球|漂亮国|樱花国|鸥联盟|袋鼠国,前期剧烈波动明显收敛，{region}市场正在重新寻找平衡,{time_text}，此前大幅拉扯的行情开始逐渐平静，买卖盘的价差也在收窄。这样的盘面说明短线情绪正在消化，价格可能在当前位置试探一个新的平衡区间。 若收敛的同时成交量也在下降，说明市场在等下一个方向；若收敛后突然放量，方向选择可能很快出现。 收敛行情里最该盯的不是价格振幅，而是放量的时机——平静往往意味着下一轮波动的酝酿。,{time_text}，此前大幅拉扯的行情开始逐渐平静，买卖盘的价差也在收窄。这样的盘面说明短线情绪正在消化，价格可能在当前位置试探一个新的平衡区间。,若收敛的同时成交量也在下降，说明市场在等下一个方向；若收敛后突然放量，方向选择可能很快出现。,收敛行情里最该盯的不是价格振幅，而是放量的时机——平静往往意味着下一轮波动的酝酿。,收敛,收敛|等待|震荡,轻微,轻微|普通,若收敛期间累积了大量未被释放的方向押注，后续突破可能比预期更剧烈。,volatility_down_small|liquidity_recover,波动收敛|平衡区间|缩量
NEWS_TRADE_005,贸易与产业,否,,熊猫国|樱花国|袋鼠国|全球,{region}出口数据出现改善迹象，市场对贸易前景略转乐观,{time_text}，最新出口数据好于预期，市场开始讨论{region}的外部需求是不是比想象的更稳。汇率短期获得一定支撑，但要彻底扭转之前的谨慎判断，还需要更多正面信号来确认。 若出口改善持续，相关货币有机会逐步走稳甚至修复；若后续订单再次转弱，这一轮乐观情绪也会随之消退。 出口修复类新闻要看的是外需改善有没有持续性，而不是单月数据的偶然回暖。,{time_text}，最新出口数据好于预期，市场开始讨论{region}的外部需求是不是比想象的更稳。汇率短期获得一定支撑，但要彻底扭转之前的谨慎判断，还需要更多正面信号来确认。,若出口改善持续，相关货币有机会逐步走稳甚至修复；若后续订单再次转弱，这一轮乐观情绪也会随之消退。,出口修复类新闻要看的是外需改善有没有持续性，而不是单月数据的偶然回暖。,修复,修复|走稳|回暖,普通,轻微|普通|明显,若市场认为数据受益于短期外部因素而非趋势改善，乐观情绪也可能很快被消化。,trade_bias_up_small|expectation_up_small,出口修复|贸易改善|外需回暖
NEWS_TRADE_006,贸易与产业,否,,袋鼠国|枫叶国|珍珠国|全球,大宗商品价格联动走高，{region}出口收入预期升温,{time_text}，能源与原材料价格同步上涨，市场开始调高对{region}资源出口收入的相关预期。汇率短期更容易获得支撑，但如果涨得太快，市场也会担心价格泡沫会不会反过来压制需求。 若商品价格维持高位，相关货币继续保持韧性；若价格快速回落，出口收入预期也会跟着收缩。 商品类新闻后续要看的是价格上涨是需求真正拉动，还是只是短期资金炒作。,{time_text}，能源与原材料价格同步上涨，市场开始调高对{region}资源出口收入的相关预期。汇率短期更容易获得支撑，但如果涨得太快，市场也会担心价格泡沫会不会反过来压制需求。,若商品价格维持高位，相关货币继续保持韧性；若价格快速回落，出口收入预期也会跟着收缩。,商品类新闻后续要看的是价格上涨是需求真正拉动，还是只是短期资金炒作。,偏强,偏强|走稳|震荡,普通,轻微|普通|明显,若商品价格上涨被市场解读成成本压力而非利好，方向可能从偏强转成震荡甚至承压。,trade_bias_shift|commodity_up,大宗商品|出口收入|资源货币
NEWS_POLITICAL_005,时政风险,否,,全球|漂亮国|鸥联盟|樱花国,{region}领导人释放友好信号，市场担忧情绪有所缓解,{time_text}，{region}高层公开表态倾向于通过对话解决问题，市场此前紧绷的神经略微放松。相关货币的短期压力有所减轻，但真正的转折还需要后续行动来验证——光靠说话是不够的。 若后续出台实质性的缓和措施，市场信心有机会继续修复；若表态后没有动作，当前缓解也可能只是一次短暂的情绪修复。 领导人表态好不好用，关键看后面能不能拿出实际行动——市场对空话的耐心有限。,{time_text}，{region}高层公开表态倾向于通过对话解决问题，市场此前紧绷的神经略微放松。相关货币的短期压力有所减轻，但真正的转折还需要后续行动来验证——光靠说话是不够的。,若后续出台实质性的缓和措施，市场信心有机会继续修复；若表态后没有动作，当前缓解也可能只是一次短暂的情绪修复。,领导人表态好不好用，关键看后面能不能拿出实际行动——市场对空话的耐心有限。,修复,修复|回暖|震荡,轻微,轻微|普通|明显,若后续被证实只是口头安抚而无实质跟进，市场可能重新回到之前的紧张状态。,sentiment_up_small|safe_haven_down_small,领导人表态|缓和信号|情绪修复
NEWS_MOVE_007,盘面异动,否,,全球|漂亮国|鸥联盟|熊猫国,多空在关键价位反复拉锯，{region}价格方向迟迟未定,{time_text}，买盘和卖盘在同一个价位区间来回交锋，价格多次尝试突破但都无法站稳。市场暂时没有足够的合力去打破当前的僵持局面，短线交易的胜率也因此明显下降。 若某一方的资金开始明显占优，平衡可能被打破，价格朝突破方向移动；若僵持继续，盘面可能维持缩量拉锯——直到下一个催化出现。 反复拉锯的时候耐心比方向判断更重要——先倒下去的那一方，往往就是下一段走势的反方向。,{time_text}，买盘和卖盘在同一个价位区间来回交锋，价格多次尝试突破但都无法站稳。市场暂时没有足够的合力去打破当前的僵持局面，短线交易的胜率也因此明显下降。,若某一方的资金开始明显占优，平衡可能被打破，价格朝突破方向移动；若僵持继续，盘面可能维持缩量拉锯——直到下一个催化出现。,反复拉锯的时候耐心比方向判断更重要——先倒下去的那一方，往往就是下一段走势的反方向。,拉锯,拉锯|震荡|等待,普通,轻微|普通|明显,若拉锯期间某一方悄悄积累了大量头寸，后续突破的力度可能远超预期。,volatility_hold|expectation_split,反复拉锯|关键价位|平衡之战
NEWS_POLITICAL_006,时政风险,否,,漂亮国|鸥联盟|樱花国|熊猫国|全球,{region}过渡政府前景不明，市场担心政策连贯性,{time_text}，{region}政坛进入过渡期，新政府的政策方向和组阁进度存在较大不确定性。市场暂时无法判断后续经济路线会怎么走，短线资金通常会先收缩风险敞口，等更清晰的信息出现再做决定。 若过渡进程顺利且新政府延续现有路线，市场情绪可能很快修复；若组阁僵持或政策方向出现大幅摇摆，相关货币的疲软状态可能延续更久。 过渡期的不确定性往往被市场提前计价——好消息是等到尘埃落定时，反而可能利空出尽。,{time_text}，{region}政坛进入过渡期，新政府的政策方向和组阁进度存在较大不确定性。市场暂时无法判断后续经济路线会怎么走，短线资金通常会先收缩风险敞口，等更清晰的信息出现再做决定。,若过渡进程顺利且新政府延续现有路线，市场情绪可能很快修复；若组阁僵持或政策方向出现大幅摇摆，相关货币的疲软状态可能延续更久。,过渡期的不确定性往往被市场提前计价——好消息是等到尘埃落定时，反而可能利空出尽。,承压,承压|震荡|偏弱,普通,轻微|普通|明显,若过渡政府超预期稳定或延续原有政策方向，承压判断也可能转成企稳。,sentiment_down_small|policy_signal,过渡政府|政治不确定性|政策观望
NEWS_POLICY_008,货币政策,否,,漂亮国|鸥联盟|樱花国|袋鼠国,经济数据意外恶化，市场押注{region}可能转向紧急宽松,{time_text}，最新经济数据大幅弱于预期，市场开始讨论{region}可能被迫提前采取宽松措施。汇率短线迅速走弱，但市场也清楚——紧急宽松本身说明经济出了问题，不完全是利好出尽的问题。 若数据持续恶化且政策转弯加速，相关货币中期可能继续承压；若宽松预期已提前到位，也可能出现利空出尽式的短期修复。 紧急宽松的行情里，市场最矛盾的地方在于——政策放水短期打压汇率，但长期也可能帮经济托底。,{time_text}，最新经济数据大幅弱于预期，市场开始讨论{region}可能被迫提前采取宽松措施。汇率短线迅速走弱，但市场也清楚——紧急宽松本身说明经济出了问题，不完全是利好出尽的问题。,若数据持续恶化且政策转弯加速，相关货币中期可能继续承压；若宽松预期已提前到位，也可能出现利空出尽式的短期修复。,紧急宽松的行情里，市场最矛盾的地方在于——政策放水短期打压汇率，但长期也可能帮经济托底。,偏弱,偏弱|承压|震荡,明显,普通|明显|剧烈,若市场认为宽松预期已计价充分，实际落地后可能出现利空出尽式的修复反弹。,rate_diff_down|expectation_down,宽松预期|紧急政策|经济恶化
NEWS_DATA_007,经济数据,否,,漂亮国|熊猫国|鸥联盟|枫叶国|全球,服务业景气度出现修复迹象，{region}经济结构改善初露端倪,{time_text}，最新服务业相关指标显示活动有所回暖，市场开始讨论{region}经济结构是否正在从制造业承压向服务业拉动过渡。目前信号还不算强，但至少不是一边倒的悲观了。 若服务业修复持续并带动就业和消费，相关货币有机会逐步企稳；若服务业回暖被证明只是季节性波动，市场会很快回到原来的判断中。 服务业修复比制造业更贴近内需——如果服务消费真的起来了，对经济的支撑会更稳一些。,{time_text}，最新服务业相关指标显示活动有所回暖，市场开始讨论{region}经济结构是否正在从制造业承压向服务业拉动过渡。目前信号还不算强，但至少不是一边倒的悲观了。,若服务业修复持续并带动就业和消费，相关货币有机会逐步企稳；若服务业回暖被证明只是季节性波动，市场会很快回到原来的判断中。,服务业修复比制造业更贴近内需——如果服务消费真的起来了，对经济的支撑会更稳一些。,修复,修复|走稳|回暖,轻微,轻微|普通|明显,若服务业修复背后是短期促销或季节性因素，市场可能很快修正回暖预期。,expectation_up_small|fair_value_up_small,服务业|PMI|经济结构改善
